"DateTime","Positive reviews","Negative reviews"
"2019-06-05 00:00:00",23,-4
"2019-06-06 00:00:00",100,-33
"2019-06-07 00:00:00",131,-29
"2019-06-08 00:00:00",67,-11
"2019-06-09 00:00:00",56,-29
"2019-06-10 00:00:00",23,-11
"2019-06-11 00:00:00",23,-10
"2019-06-12 00:00:00",32,-17
"2019-06-13 00:00:00",25,-10
"2019-06-14 00:00:00",17,-1
"2019-06-15 00:00:00",17,-2
"2019-06-16 00:00:00",24,-4
"2019-06-17 00:00:00",18,-10
"2019-06-18 00:00:00",14,-7
"2019-06-19 00:00:00",17,-2
"2019-06-20 00:00:00",18,-3
"2019-06-21 00:00:00",9,-5
"2019-06-22 00:00:00",7,-1
"2019-06-23 00:00:00",6,
"2019-06-24 00:00:00",13,-4
"2019-06-25 00:00:00",4,-2
"2019-06-26 00:00:00",5,-6
"2019-06-27 00:00:00",7,-2
"2019-06-28 00:00:00",5,-1
"2019-06-29 00:00:00",11,-3
"2019-06-30 00:00:00",128,-8
"2019-07-01 00:00:00",119,-3
"2019-07-02 00:00:00",78,-7
"2019-07-03 00:00:00",29,-4
"2019-07-04 00:00:00",39,-2
"2019-07-05 00:00:00",27,-1
"2019-07-06 00:00:00",19,-3
"2019-07-07 00:00:00",26,
"2019-07-08 00:00:00",7,-1
"2019-07-09 00:00:00",1,
"2019-07-10 00:00:00",5,
"2019-07-11 00:00:00",6,
"2019-07-12 00:00:00",,-1
"2019-07-13 00:00:00",8,-1
"2019-07-14 00:00:00",2,-2
"2019-07-15 00:00:00",5,-3
"2019-07-16 00:00:00",2,-3
"2019-07-17 00:00:00",4,
"2019-07-18 00:00:00",5,-1
"2019-07-19 00:00:00",7,
"2019-07-20 00:00:00",5,-1
"2019-07-21 00:00:00",,-1
"2019-07-22 00:00:00",3,-3
"2019-07-23 00:00:00",6,
"2019-07-24 00:00:00",2,-2
"2019-07-25 00:00:00",6,-2
"2019-07-26 00:00:00",1,-4
"2019-07-27 00:00:00",2,-4
"2019-07-28 00:00:00",1,-1
"2019-07-29 00:00:00",,
"2019-07-30 00:00:00",5,-5
"2019-07-31 00:00:00",2,-2
"2019-08-01 00:00:00",1,-2
"2019-08-02 00:00:00",2,-1
"2019-08-03 00:00:00",2,-1
"2019-08-04 00:00:00",,
"2019-08-05 00:00:00",3,
"2019-08-06 00:00:00",1,-1
"2019-08-07 00:00:00",3,
"2019-08-08 00:00:00",5,
"2019-08-09 00:00:00",3,-2
"2019-08-10 00:00:00",,-2
"2019-08-11 00:00:00",3,-2
"2019-08-12 00:00:00",5,-1
"2019-08-13 00:00:00",4,-1
"2019-08-14 00:00:00",,-1
"2019-08-15 00:00:00",11,-2
"2019-08-16 00:00:00",3,-1
"2019-08-17 00:00:00",3,-1
"2019-08-18 00:00:00",7,
"2019-08-19 00:00:00",2,-1
"2019-08-20 00:00:00",4,
"2019-08-21 00:00:00",3,-1
"2019-08-22 00:00:00",1,
"2019-08-23 00:00:00",,-1
"2019-08-24 00:00:00",,
"2019-08-25 00:00:00",,
"2019-08-26 00:00:00",5,-1
"2019-08-27 00:00:00",5,
"2019-08-28 00:00:00",13,-7
"2019-08-29 00:00:00",13,-6
"2019-08-30 00:00:00",6,-1
"2019-08-31 00:00:00",2,-3
"2019-09-01 00:00:00",14,
"2019-09-02 00:00:00",7,
"2019-09-03 00:00:00",5,
"2019-09-04 00:00:00",3,
"2019-09-05 00:00:00",1,-5
"2019-09-06 00:00:00",3,
"2019-09-07 00:00:00",1,-1
"2019-09-08 00:00:00",2,-3
"2019-09-09 00:00:00",1,
"2019-09-10 00:00:00",4,
"2019-09-11 00:00:00",,
"2019-09-12 00:00:00",4,-2
"2019-09-13 00:00:00",3,-2
"2019-09-14 00:00:00",,
"2019-09-15 00:00:00",1,-3
"2019-09-16 00:00:00",3,
"2019-09-17 00:00:00",,
"2019-09-18 00:00:00",6,-1
"2019-09-19 00:00:00",1,-1
"2019-09-20 00:00:00",1,-1
"2019-09-21 00:00:00",,
"2019-09-22 00:00:00",6,-1
"2019-09-23 00:00:00",3,-1
"2019-09-24 00:00:00",2,-2
"2019-09-25 00:00:00",,-1
"2019-09-26 00:00:00",3,
"2019-09-27 00:00:00",1,
"2019-09-28 00:00:00",4,
"2019-09-29 00:00:00",1,-1
"2019-09-30 00:00:00",,
"2019-10-01 00:00:00",1,-1
"2019-10-02 00:00:00",2,
"2019-10-03 00:00:00",3,-3
"2019-10-04 00:00:00",,
"2019-10-05 00:00:00",1,
"2019-10-06 00:00:00",,-1
"2019-10-07 00:00:00",1,
"2019-10-08 00:00:00",3,
"2019-10-09 00:00:00",1,-1
"2019-10-10 00:00:00",1,-1
"2019-10-11 00:00:00",2,
"2019-10-12 00:00:00",2,-2
"2019-10-13 00:00:00",3,-3
"2019-10-14 00:00:00",3,-1
"2019-10-15 00:00:00",2,-2
"2019-10-16 00:00:00",3,-1
"2019-10-17 00:00:00",4,
"2019-10-18 00:00:00",2,
"2019-10-19 00:00:00",3,-1
"2019-10-20 00:00:00",5,-2
"2019-10-21 00:00:00",3,-2
"2019-10-22 00:00:00",1,
"2019-10-23 00:00:00",5,
"2019-10-24 00:00:00",6,-1
"2019-10-25 00:00:00",5,
"2019-10-26 00:00:00",1,-1
"2019-10-27 00:00:00",11,
"2019-10-28 00:00:00",3,-1
"2019-10-29 00:00:00",7,-2
"2019-10-30 00:00:00",6,-2
"2019-10-31 00:00:00",19,-2
"2019-11-01 00:00:00",26,
"2019-11-02 00:00:00",19,
"2019-11-03 00:00:00",22,-2
"2019-11-04 00:00:00",8,
"2019-11-05 00:00:00",12,
"2019-11-06 00:00:00",16,
"2019-11-07 00:00:00",5,
"2019-11-08 00:00:00",7,
"2019-11-09 00:00:00",13,
"2019-11-10 00:00:00",10,-1
"2019-11-11 00:00:00",8,-2
"2019-11-12 00:00:00",11,
"2019-11-13 00:00:00",5,-1
"2019-11-14 00:00:00",6,
"2019-11-15 00:00:00",9,
"2019-11-16 00:00:00",10,
"2019-11-17 00:00:00",12,
"2019-11-18 00:00:00",13,-1
"2019-11-19 00:00:00",,
"2019-11-20 00:00:00",7,
"2019-11-21 00:00:00",13,-1
"2019-11-22 00:00:00",7,
"2019-11-23 00:00:00",17,
"2019-11-24 00:00:00",8,
"2019-11-25 00:00:00",8,
"2019-11-26 00:00:00",60,-2
"2019-11-27 00:00:00",153,
"2019-11-28 00:00:00",62,-1
"2019-11-29 00:00:00",42,-2
"2019-11-30 00:00:00",59,
"2019-12-01 00:00:00",45,-3
"2019-12-02 00:00:00",30,-1
"2019-12-03 00:00:00",32,-1
"2019-12-04 00:00:00",37,-1
"2019-12-05 00:00:00",8,
"2019-12-06 00:00:00",6,-2
"2019-12-07 00:00:00",11,-1
"2019-12-08 00:00:00",19,-1
"2019-12-09 00:00:00",23,-1
"2019-12-10 00:00:00",9,-1
"2019-12-11 00:00:00",9,
"2019-12-12 00:00:00",6,
"2019-12-13 00:00:00",7,
"2019-12-14 00:00:00",4,
"2019-12-15 00:00:00",7,
"2019-12-16 00:00:00",3,-1
"2019-12-17 00:00:00",9,
"2019-12-18 00:00:00",1,
"2019-12-19 00:00:00",8,
"2019-12-20 00:00:00",4,-2
"2019-12-21 00:00:00",5,
"2019-12-22 00:00:00",16,-4
"2019-12-23 00:00:00",,
"2019-12-24 00:00:00",12,-1
"2019-12-25 00:00:00",8,
"2019-12-26 00:00:00",11,-1
"2019-12-27 00:00:00",18,
"2019-12-28 00:00:00",24,
"2019-12-29 00:00:00",14,-2
"2019-12-30 00:00:00",18,-1
"2019-12-31 00:00:00",,
"2020-01-01 00:00:00",,
"2020-01-02 00:00:00",52,-1
"2020-01-03 00:00:00",10,-1
"2020-01-04 00:00:00",10,-1
"2020-01-05 00:00:00",11,-1
"2020-01-06 00:00:00",,
"2020-01-07 00:00:00",19,-4
"2020-01-08 00:00:00",7,
"2020-01-09 00:00:00",8,
"2020-01-10 00:00:00",7,
"2020-01-11 00:00:00",6,-1
"2020-01-12 00:00:00",13,
"2020-01-13 00:00:00",4,-2
"2020-01-14 00:00:00",4,
"2020-01-15 00:00:00",8,
"2020-01-16 00:00:00",,
"2020-01-17 00:00:00",5,-1
"2020-01-18 00:00:00",6,
"2020-01-19 00:00:00",5,-2
"2020-01-20 00:00:00",3,-1
"2020-01-21 00:00:00",5,
"2020-01-22 00:00:00",6,
"2020-01-23 00:00:00",4,
"2020-01-24 00:00:00",6,
"2020-01-25 00:00:00",8,
"2020-01-26 00:00:00",8,
"2020-01-27 00:00:00",11,-1
"2020-01-28 00:00:00",7,-2
"2020-01-29 00:00:00",1,-1
"2020-01-30 00:00:00",6,
"2020-01-31 00:00:00",6,
"2020-02-01 00:00:00",9,-1
"2020-02-02 00:00:00",5,-1
"2020-02-03 00:00:00",8,-1
"2020-02-04 00:00:00",4,
"2020-02-05 00:00:00",5,
"2020-02-06 00:00:00",2,
"2020-02-07 00:00:00",,-1
"2020-02-08 00:00:00",,
"2020-02-09 00:00:00",11,-1
"2020-02-10 00:00:00",3,-1
"2020-02-11 00:00:00",8,-1
"2020-02-12 00:00:00",6,
"2020-02-13 00:00:00",3,
"2020-02-14 00:00:00",8,
"2020-02-15 00:00:00",9,-1
"2020-02-16 00:00:00",7,
"2020-02-17 00:00:00",22,-3
"2020-02-18 00:00:00",8,-1
"2020-02-19 00:00:00",14,-3
"2020-02-20 00:00:00",7,-4
"2020-02-21 00:00:00",13,-3
"2020-02-22 00:00:00",5,
"2020-02-23 00:00:00",17,-3
"2020-02-24 00:00:00",,
"2020-02-25 00:00:00",21,-3
"2020-02-26 00:00:00",12,
"2020-02-27 00:00:00",11,-1
"2020-02-28 00:00:00",3,-1
"2020-02-29 00:00:00",3,-3
"2020-03-01 00:00:00",12,-3
"2020-03-02 00:00:00",9,-1
"2020-03-03 00:00:00",12,
"2020-03-04 00:00:00",5,
"2020-03-05 00:00:00",11,-1
"2020-03-06 00:00:00",5,-1
"2020-03-07 00:00:00",6,-3
"2020-03-08 00:00:00",10,-3
"2020-03-09 00:00:00",8,
"2020-03-10 00:00:00",12,
"2020-03-11 00:00:00",4,
"2020-03-12 00:00:00",3,
"2020-03-13 00:00:00",4,
"2020-03-14 00:00:00",6,-1
"2020-03-15 00:00:00",6,
"2020-03-16 00:00:00",5,
"2020-03-17 00:00:00",6,
"2020-03-18 00:00:00",4,-2
"2020-03-19 00:00:00",3,-2
"2020-03-20 00:00:00",22,
"2020-03-21 00:00:00",6,-1
"2020-03-22 00:00:00",8,-1
"2020-03-23 00:00:00",9,
"2020-03-24 00:00:00",8,-1
"2020-03-25 00:00:00",6,
"2020-03-26 00:00:00",5,
"2020-03-27 00:00:00",9,
"2020-03-28 00:00:00",,
"2020-03-29 00:00:00",5,
"2020-03-30 00:00:00",4,
"2020-03-31 00:00:00",5,
"2020-04-01 00:00:00",8,
"2020-04-02 00:00:00",8,
"2020-04-03 00:00:00",5,
"2020-04-04 00:00:00",10,
"2020-04-05 00:00:00",3,
"2020-04-06 00:00:00",6,-1
"2020-04-07 00:00:00",7,
"2020-04-08 00:00:00",13,
"2020-04-09 00:00:00",3,
"2020-04-10 00:00:00",5,-3
"2020-04-11 00:00:00",11,
"2020-04-12 00:00:00",19,-2
"2020-04-13 00:00:00",11,-2
"2020-04-14 00:00:00",20,
"2020-04-15 00:00:00",10,-3
"2020-04-16 00:00:00",16,
"2020-04-17 00:00:00",12,
"2020-04-18 00:00:00",9,-1
"2020-04-19 00:00:00",16,
"2020-04-20 00:00:00",17,-1
"2020-04-21 00:00:00",14,-1
"2020-04-22 00:00:00",15,-4
"2020-04-23 00:00:00",18,-4
"2020-04-24 00:00:00",24,-1
"2020-04-25 00:00:00",27,-3
"2020-04-26 00:00:00",32,-6
"2020-04-27 00:00:00",38,-7
"2020-04-28 00:00:00",,
"2020-04-29 00:00:00",,
"2020-04-30 00:00:00",71,-8
"2020-05-01 00:00:00",16,-3
"2020-05-02 00:00:00",9,-1
"2020-05-03 00:00:00",31,-5
"2020-05-04 00:00:00",15,-2
"2020-05-05 00:00:00",8,-1
"2020-05-06 00:00:00",8,-1
"2020-05-07 00:00:00",8,-1
"2020-05-08 00:00:00",5,
"2020-05-09 00:00:00",11,-2
"2020-05-10 00:00:00",4,
"2020-05-11 00:00:00",15,-1
"2020-05-12 00:00:00",4,
"2020-05-13 00:00:00",10,-1
"2020-05-14 00:00:00",5,
"2020-05-15 00:00:00",5,
"2020-05-16 00:00:00",6,-2
"2020-05-17 00:00:00",7,
"2020-05-18 00:00:00",8,
"2020-05-19 00:00:00",5,-1
"2020-05-20 00:00:00",3,
"2020-05-21 00:00:00",4,
"2020-05-22 00:00:00",6,-2
"2020-05-23 00:00:00",4,-1
"2020-05-24 00:00:00",,
"2020-05-25 00:00:00",18,-2
"2020-05-26 00:00:00",,
"2020-05-27 00:00:00",11,-1
"2020-05-28 00:00:00",10,
"2020-05-29 00:00:00",5,-2
"2020-05-30 00:00:00",,
"2020-05-31 00:00:00",10,-4
"2020-06-01 00:00:00",,
"2020-06-02 00:00:00",15,
"2020-06-03 00:00:00",10,-1
"2020-06-04 00:00:00",4,
"2020-06-05 00:00:00",,
"2020-06-06 00:00:00",19,-1
"2020-06-07 00:00:00",28,
"2020-06-08 00:00:00",,
"2020-06-09 00:00:00",26,-6
"2020-06-10 00:00:00",28,-4
"2020-06-11 00:00:00",22,
"2020-06-12 00:00:00",21,
"2020-06-13 00:00:00",18,-3
"2020-06-14 00:00:00",16,-4
"2020-06-15 00:00:00",18,-3
"2020-06-16 00:00:00",11,-1
"2020-06-17 00:00:00",16,
"2020-06-18 00:00:00",25,
"2020-06-19 00:00:00",14,
"2020-06-20 00:00:00",11,-2
"2020-06-21 00:00:00",15,
"2020-06-22 00:00:00",18,-1
"2020-06-23 00:00:00",8,-2
"2020-06-24 00:00:00",13,
"2020-06-25 00:00:00",9,-2
"2020-06-26 00:00:00",19,-1
"2020-06-27 00:00:00",14,-2
"2020-06-28 00:00:00",17,-3
"2020-06-29 00:00:00",31,
"2020-06-30 00:00:00",24,-2
"2020-07-01 00:00:00",17,
"2020-07-02 00:00:00",26,-2
"2020-07-03 00:00:00",18,
"2020-07-04 00:00:00",24,-1
"2020-07-05 00:00:00",23,-2
"2020-07-06 00:00:00",20,-1
"2020-07-07 00:00:00",19,
"2020-07-08 00:00:00",9,-2
"2020-07-09 00:00:00",9,-1
"2020-07-10 00:00:00",20,-1
"2020-07-11 00:00:00",14,
"2020-07-12 00:00:00",13,-5
"2020-07-13 00:00:00",19,
"2020-07-14 00:00:00",9,
"2020-07-15 00:00:00",11,-3
"2020-07-16 00:00:00",14,
"2020-07-17 00:00:00",13,
"2020-07-18 00:00:00",11,-1
"2020-07-19 00:00:00",9,
"2020-07-20 00:00:00",5,
"2020-07-21 00:00:00",11,
"2020-07-22 00:00:00",21,-1
"2020-07-23 00:00:00",10,-1
"2020-07-24 00:00:00",10,-3
"2020-07-25 00:00:00",,
"2020-07-26 00:00:00",20,-2
"2020-07-27 00:00:00",,
"2020-07-28 00:00:00",15,
"2020-07-29 00:00:00",15,
"2020-07-30 00:00:00",15,
"2020-07-31 00:00:00",32,-1
"2020-08-01 00:00:00",31,-1
"2020-08-02 00:00:00",26,-3
"2020-08-03 00:00:00",47,-9
"2020-08-04 00:00:00",37,-6
"2020-08-05 00:00:00",54,-16
"2020-08-06 00:00:00",36,
"2020-08-07 00:00:00",25,-1
"2020-08-08 00:00:00",30,-3
"2020-08-09 00:00:00",32,-4
"2020-08-10 00:00:00",,
"2020-08-11 00:00:00",65,-2
"2020-08-12 00:00:00",30,
"2020-08-13 00:00:00",38,-3
"2020-08-14 00:00:00",,
"2020-08-15 00:00:00",27,-8
"2020-08-16 00:00:00",,
"2020-08-17 00:00:00",,
"2020-08-18 00:00:00",37,-5
"2020-08-19 00:00:00",18,-2
"2020-08-20 00:00:00",8,-1
"2020-08-21 00:00:00",28,-1
"2020-08-22 00:00:00",8,-1
"2020-08-23 00:00:00",12,-1
"2020-08-24 00:00:00",,
"2020-08-25 00:00:00",17,
"2020-08-26 00:00:00",22,-1
"2020-08-27 00:00:00",11,-2
"2020-08-28 00:00:00",8,-1
"2020-08-29 00:00:00",13,-1
"2020-08-30 00:00:00",18,-4
"2020-08-31 00:00:00",17,-3
"2020-09-01 00:00:00",11,-5
"2020-09-02 00:00:00",9,
"2020-09-03 00:00:00",6,
"2020-09-04 00:00:00",6,
"2020-09-05 00:00:00",6,-1
"2020-09-06 00:00:00",15,-1
"2020-09-07 00:00:00",17,
"2020-09-08 00:00:00",7,
"2020-09-09 00:00:00",7,
"2020-09-10 00:00:00",9,
"2020-09-11 00:00:00",7,-1
"2020-09-12 00:00:00",8,-1
"2020-09-13 00:00:00",11,-1
"2020-09-14 00:00:00",10,
"2020-09-15 00:00:00",9,-1
"2020-09-16 00:00:00",,
"2020-09-17 00:00:00",8,-1
"2020-09-18 00:00:00",11,-2
"2020-09-19 00:00:00",2,-1
"2020-09-20 00:00:00",9,-1
"2020-09-21 00:00:00",,
"2020-09-22 00:00:00",19,-5
"2020-09-23 00:00:00",13,
"2020-09-24 00:00:00",28,-4
"2020-09-25 00:00:00",59,-5
"2020-09-26 00:00:00",38,
"2020-09-27 00:00:00",29,-3
"2020-09-28 00:00:00",36,-8
"2020-09-29 00:00:00",22,-6
"2020-09-30 00:00:00",25,-1
"2020-10-01 00:00:00",19,-5
"2020-10-02 00:00:00",21,-2
"2020-10-03 00:00:00",33,-2
"2020-10-04 00:00:00",24,-2
"2020-10-05 00:00:00",25,-5
"2020-10-06 00:00:00",21,-2
"2020-10-07 00:00:00",21,-1
"2020-10-08 00:00:00",15,-2
"2020-10-09 00:00:00",24,-2
"2020-10-10 00:00:00",24,-1
"2020-10-11 00:00:00",23,
"2020-10-12 00:00:00",20,-2
"2020-10-13 00:00:00",25,-2
"2020-10-14 00:00:00",15,-2
"2020-10-15 00:00:00",8,-2
"2020-10-16 00:00:00",10,-1
"2020-10-17 00:00:00",23,-2
"2020-10-18 00:00:00",5,-2
"2020-10-19 00:00:00",12,-2
"2020-10-20 00:00:00",3,
"2020-10-21 00:00:00",14,-1
"2020-10-22 00:00:00",7,-1
"2020-10-23 00:00:00",17,-1
"2020-10-24 00:00:00",16,-3
"2020-10-25 00:00:00",7,-1
"2020-10-26 00:00:00",13,-1
"2020-10-27 00:00:00",12,-2
"2020-10-28 00:00:00",7,-1
"2020-10-29 00:00:00",7,
"2020-10-30 00:00:00",23,
"2020-10-31 00:00:00",12,
"2020-11-01 00:00:00",11,-1
"2020-11-02 00:00:00",21,
"2020-11-03 00:00:00",18,-2
"2020-11-04 00:00:00",12,-1
"2020-11-05 00:00:00",15,-2
"2020-11-06 00:00:00",14,-1
"2020-11-07 00:00:00",21,
"2020-11-08 00:00:00",13,
"2020-11-09 00:00:00",,
"2020-11-10 00:00:00",13,
"2020-11-11 00:00:00",8,-4
"2020-11-12 00:00:00",6,-1
"2020-11-13 00:00:00",7,-1
"2020-11-14 00:00:00",6,
"2020-11-15 00:00:00",10,-1
"2020-11-16 00:00:00",7,
"2020-11-17 00:00:00",8,-2
"2020-11-18 00:00:00",8,-3
"2020-11-19 00:00:00",10,
"2020-11-20 00:00:00",8,
"2020-11-21 00:00:00",10,-1
"2020-11-22 00:00:00",2,-2
"2020-11-23 00:00:00",8,
"2020-11-24 00:00:00",14,-2
"2020-11-25 00:00:00",5,-1
"2020-11-26 00:00:00",66,
"2020-11-27 00:00:00",94,
"2020-11-28 00:00:00",98,
"2020-11-29 00:00:00",36,
"2020-11-30 00:00:00",43,-3
"2020-12-01 00:00:00",40,
"2020-12-02 00:00:00",32,
"2020-12-03 00:00:00",14,
"2020-12-04 00:00:00",33,-4
"2020-12-05 00:00:00",17,
"2020-12-06 00:00:00",19,-1
"2020-12-07 00:00:00",24,
"2020-12-08 00:00:00",29,-1
"2020-12-09 00:00:00",15,
"2020-12-10 00:00:00",52,-6
"2020-12-11 00:00:00",32,-1
"2020-12-12 00:00:00",25,-2
"2020-12-13 00:00:00",47,-1
"2020-12-14 00:00:00",34,-1
"2020-12-15 00:00:00",31,-2
"2020-12-16 00:00:00",20,-2
"2020-12-17 00:00:00",24,
"2020-12-18 00:00:00",19,-3
"2020-12-19 00:00:00",15,-1
"2020-12-20 00:00:00",9,-2
"2020-12-21 00:00:00",,
"2020-12-22 00:00:00",31,-5
"2020-12-23 00:00:00",31,
"2020-12-24 00:00:00",17,-3
"2020-12-25 00:00:00",16,
"2020-12-26 00:00:00",23,
"2020-12-27 00:00:00",33,-1
"2020-12-28 00:00:00",33,
"2020-12-29 00:00:00",29,-1
"2020-12-30 00:00:00",28,-2
"2020-12-31 00:00:00",29,-3
"2021-01-01 00:00:00",,
"2021-01-02 00:00:00",75,-2
"2021-01-03 00:00:00",28,-4
"2021-01-04 00:00:00",31,-8
"2021-01-05 00:00:00",23,-2
"2021-01-06 00:00:00",37,-3
"2021-01-07 00:00:00",12,-1
"2021-01-08 00:00:00",24,
"2021-01-09 00:00:00",28,
"2021-01-10 00:00:00",16,-2
"2021-01-11 00:00:00",15,-2
"2021-01-12 00:00:00",20,
"2021-01-13 00:00:00",20,-1
"2021-01-14 00:00:00",27,
"2021-01-15 00:00:00",11,
"2021-01-16 00:00:00",15,-3
"2021-01-17 00:00:00",14,-3
"2021-01-18 00:00:00",13,-2
"2021-01-19 00:00:00",22,-1
"2021-01-20 00:00:00",11,
"2021-01-21 00:00:00",11,-2
"2021-01-22 00:00:00",12,
"2021-01-23 00:00:00",28,
"2021-01-24 00:00:00",13,
"2021-01-25 00:00:00",16,-1
"2021-01-26 00:00:00",,
"2021-01-27 00:00:00",14,
"2021-01-28 00:00:00",18,
"2021-01-29 00:00:00",13,-1
"2021-01-30 00:00:00",16,-3
"2021-01-31 00:00:00",25,
"2021-02-01 00:00:00",31,-3
"2021-02-02 00:00:00",19,-3
"2021-02-03 00:00:00",20,-2
"2021-02-04 00:00:00",19,-3
"2021-02-05 00:00:00",19,-2
"2021-02-06 00:00:00",20,-2
"2021-02-07 00:00:00",29,
"2021-02-08 00:00:00",23,
"2021-02-09 00:00:00",13,-3
"2021-02-10 00:00:00",16,-2
"2021-02-11 00:00:00",28,
"2021-02-12 00:00:00",,
"2021-02-13 00:00:00",,
"2021-02-14 00:00:00",,
"2021-02-15 00:00:00",92,-13
"2021-02-16 00:00:00",,
"2021-02-17 00:00:00",61,-6
"2021-02-18 00:00:00",,
"2021-02-19 00:00:00",,
"2021-02-20 00:00:00",59,-3
"2021-02-21 00:00:00",21,
"2021-02-22 00:00:00",,
"2021-02-23 00:00:00",18,-3
"2021-02-24 00:00:00",4,
"2021-02-25 00:00:00",8,-2
"2021-02-26 00:00:00",20,
"2021-02-27 00:00:00",10,-2
"2021-02-28 00:00:00",6,
"2021-03-01 00:00:00",7,-1
"2021-03-02 00:00:00",8,
"2021-03-03 00:00:00",20,
"2021-03-04 00:00:00",13,-1
"2021-03-05 00:00:00",5,-2
"2021-03-06 00:00:00",13,-1
"2021-03-07 00:00:00",21,-1
"2021-03-08 00:00:00",13,
"2021-03-09 00:00:00",10,
"2021-03-10 00:00:00",13,
"2021-03-11 00:00:00",15,
"2021-03-12 00:00:00",8,
"2021-03-13 00:00:00",4,-1
"2021-03-14 00:00:00",8,
"2021-03-15 00:00:00",2,-1
"2021-03-16 00:00:00",8,-1
"2021-03-17 00:00:00",5,-1
"2021-03-18 00:00:00",15,-1
"2021-03-19 00:00:00",7,-1
"2021-03-20 00:00:00",10,
"2021-03-21 00:00:00",16,
"2021-03-22 00:00:00",8,-1
"2021-03-23 00:00:00",15,-1
"2021-03-24 00:00:00",23,-7
"2021-03-25 00:00:00",107,-21
"2021-03-26 00:00:00",122,-11
"2021-03-27 00:00:00",71,-2
"2021-03-28 00:00:00",33,
"2021-03-29 00:00:00",66,-2
"2021-03-30 00:00:00",32,-1
"2021-03-31 00:00:00",26,
"2021-04-01 00:00:00",46,-2
"2021-04-02 00:00:00",18,-1
"2021-04-03 00:00:00",42,-5
"2021-04-04 00:00:00",21,-3
"2021-04-05 00:00:00",36,-2
"2021-04-06 00:00:00",21,-1
"2021-04-07 00:00:00",34,
"2021-04-08 00:00:00",21,
"2021-04-09 00:00:00",40,-3
"2021-04-10 00:00:00",21,-2
"2021-04-11 00:00:00",27,-2
"2021-04-12 00:00:00",12,
"2021-04-13 00:00:00",24,
"2021-04-14 00:00:00",12,
"2021-04-15 00:00:00",20,-2
"2021-04-16 00:00:00",23,-2
"2021-04-17 00:00:00",17,-1
"2021-04-18 00:00:00",28,-3
"2021-04-19 00:00:00",4,-1
"2021-04-20 00:00:00",11,
"2021-04-21 00:00:00",20,-1
"2021-04-22 00:00:00",3,
"2021-04-23 00:00:00",44,-1
"2021-04-24 00:00:00",15,-1
"2021-04-25 00:00:00",18,
"2021-04-26 00:00:00",28,-3
"2021-04-27 00:00:00",25,
"2021-04-28 00:00:00",22,-3
"2021-04-29 00:00:00",19,
"2021-04-30 00:00:00",10,
"2021-05-01 00:00:00",38,-4
"2021-05-02 00:00:00",40,-4
"2021-05-03 00:00:00",61,-3
"2021-05-04 00:00:00",29,-2
"2021-05-05 00:00:00",44,
"2021-05-06 00:00:00",22,-2
"2021-05-07 00:00:00",20,-1
"2021-05-08 00:00:00",25,
"2021-05-09 00:00:00",23,-3
"2021-05-10 00:00:00",24,
"2021-05-11 00:00:00",19,
"2021-05-12 00:00:00",31,
"2021-05-13 00:00:00",9,-2
"2021-05-14 00:00:00",15,
"2021-05-15 00:00:00",18,-1
"2021-05-16 00:00:00",26,-2
"2021-05-17 00:00:00",16,
"2021-05-18 00:00:00",23,-2
"2021-05-19 00:00:00",6,-3
"2021-05-20 00:00:00",16,
"2021-05-21 00:00:00",6,
"2021-05-22 00:00:00",17,-4
"2021-05-23 00:00:00",11,-1
"2021-05-24 00:00:00",13,
"2021-05-25 00:00:00",31,
"2021-05-26 00:00:00",16,-3
"2021-05-27 00:00:00",24,-3
"2021-05-28 00:00:00",21,-1
"2021-05-29 00:00:00",29,
"2021-05-30 00:00:00",20,-2
"2021-05-31 00:00:00",18,-1
"2021-06-01 00:00:00",27,-1
"2021-06-02 00:00:00",17,-1
"2021-06-03 00:00:00",49,-1
"2021-06-04 00:00:00",12,-1
"2021-06-05 00:00:00",42,-3
"2021-06-06 00:00:00",18,
"2021-06-07 00:00:00",18,
"2021-06-08 00:00:00",24,
"2021-06-09 00:00:00",13,-1
"2021-06-10 00:00:00",12,
"2021-06-11 00:00:00",19,-1
"2021-06-12 00:00:00",18,
"2021-06-13 00:00:00",31,-2
"2021-06-14 00:00:00",16,
"2021-06-15 00:00:00",12,
"2021-06-16 00:00:00",20,
"2021-06-17 00:00:00",7,-1
"2021-06-18 00:00:00",40,-2
"2021-06-19 00:00:00",19,
"2021-06-20 00:00:00",19,-2
"2021-06-21 00:00:00",36,
"2021-06-22 00:00:00",17,
"2021-06-23 00:00:00",20,-1
"2021-06-24 00:00:00",16,-1
"2021-06-25 00:00:00",16,
"2021-06-26 00:00:00",41,-5
"2021-06-27 00:00:00",27,-1
"2021-06-28 00:00:00",49,-1
"2021-06-29 00:00:00",14,-2
"2021-06-30 00:00:00",31,
"2021-07-01 00:00:00",52,
"2021-07-02 00:00:00",21,-1
"2021-07-03 00:00:00",50,-1
"2021-07-04 00:00:00",24,-1
"2021-07-05 00:00:00",22,-2
"2021-07-06 00:00:00",34,-6
"2021-07-07 00:00:00",24,-3
"2021-07-08 00:00:00",34,-6
"2021-07-09 00:00:00",23,
"2021-07-10 00:00:00",21,-2
"2021-07-11 00:00:00",36,-2
"2021-07-12 00:00:00",21,
"2021-07-13 00:00:00",28,-2
"2021-07-14 00:00:00",14,-1
"2021-07-15 00:00:00",13,-1
"2021-07-16 00:00:00",23,-1
"2021-07-17 00:00:00",9,-1
"2021-07-18 00:00:00",21,-1
"2021-07-19 00:00:00",4,-1
"2021-07-20 00:00:00",18,-1
"2021-07-21 00:00:00",12,-4
"2021-07-22 00:00:00",,
"2021-07-23 00:00:00",39,
"2021-07-24 00:00:00",17,
"2021-07-25 00:00:00",31,-5
"2021-07-26 00:00:00",18,
"2021-07-27 00:00:00",39,-5
"2021-07-28 00:00:00",19,
"2021-07-29 00:00:00",34,
"2021-07-30 00:00:00",18,-4
"2021-07-31 00:00:00",40,-4
"2021-08-01 00:00:00",26,
"2021-08-02 00:00:00",21,-4
"2021-08-03 00:00:00",37,-1
"2021-08-04 00:00:00",21,
"2021-08-05 00:00:00",21,-4
"2021-08-06 00:00:00",23,
"2021-08-07 00:00:00",15,-1
"2021-08-08 00:00:00",32,
"2021-08-09 00:00:00",13,
"2021-08-10 00:00:00",12,-1
"2021-08-11 00:00:00",31,-3
"2021-08-12 00:00:00",11,-2
"2021-08-13 00:00:00",20,
"2021-08-14 00:00:00",12,-1
"2021-08-15 00:00:00",17,
"2021-08-16 00:00:00",26,-3
"2021-08-17 00:00:00",15,-1
"2021-08-18 00:00:00",18,-1
"2021-08-19 00:00:00",27,-4
"2021-08-20 00:00:00",15,
"2021-08-21 00:00:00",18,
"2021-08-22 00:00:00",17,
"2021-08-23 00:00:00",19,-2
"2021-08-24 00:00:00",13,
"2021-08-25 00:00:00",15,-1
"2021-08-26 00:00:00",24,
"2021-08-27 00:00:00",13,-2
"2021-08-28 00:00:00",10,
"2021-08-29 00:00:00",11,-1
"2021-08-30 00:00:00",41,-2
"2021-08-31 00:00:00",10,-1
"2021-09-01 00:00:00",12,
"2021-09-02 00:00:00",11,
"2021-09-03 00:00:00",12,
"2021-09-04 00:00:00",9,
"2021-09-05 00:00:00",15,-2
"2021-09-06 00:00:00",14,-1
"2021-09-07 00:00:00",13,
"2021-09-08 00:00:00",10,-1
"2021-09-09 00:00:00",8,
"2021-09-10 00:00:00",15,-3
"2021-09-11 00:00:00",10,-1
"2021-09-12 00:00:00",21,
"2021-09-13 00:00:00",11,-1
"2021-09-14 00:00:00",27,
"2021-09-15 00:00:00",8,-1
"2021-09-16 00:00:00",14,
"2021-09-17 00:00:00",16,-1
"2021-09-18 00:00:00",26,-2
"2021-09-19 00:00:00",19,-2
"2021-09-20 00:00:00",53,-1
"2021-09-21 00:00:00",39,-3
"2021-09-22 00:00:00",29,-4
"2021-09-23 00:00:00",41,-2
"2021-09-24 00:00:00",68,-3
"2021-09-25 00:00:00",23,-5
"2021-09-26 00:00:00",38,-1
"2021-09-27 00:00:00",35,
"2021-09-28 00:00:00",29,-3
"2021-09-29 00:00:00",27,
"2021-09-30 00:00:00",28,-2
"2021-10-01 00:00:00",60,-3
"2021-10-02 00:00:00",24,-2
"2021-10-03 00:00:00",31,
"2021-10-04 00:00:00",22,-2
"2021-10-05 00:00:00",19,
"2021-10-06 00:00:00",19,-2
"2021-10-07 00:00:00",35,-3
"2021-10-08 00:00:00",18,-2
"2021-10-09 00:00:00",65,-2
"2021-10-10 00:00:00",39,-7
"2021-10-11 00:00:00",25,-1
"2021-10-12 00:00:00",19,-1
"2021-10-13 00:00:00",20,-1
"2021-10-14 00:00:00",26,-2
"2021-10-15 00:00:00",27,-2
"2021-10-16 00:00:00",26,-1
"2021-10-17 00:00:00",23,-1
"2021-10-18 00:00:00",28,-1
"2021-10-19 00:00:00",38,-1
"2021-10-20 00:00:00",21,
"2021-10-21 00:00:00",10,-2
"2021-10-22 00:00:00",14,
"2021-10-23 00:00:00",15,-3
"2021-10-24 00:00:00",50,-2
"2021-10-25 00:00:00",19,-2
"2021-10-26 00:00:00",13,
"2021-10-27 00:00:00",8,-1
"2021-10-28 00:00:00",29,-3
"2021-10-29 00:00:00",54,-2
"2021-10-30 00:00:00",51,-6
"2021-10-31 00:00:00",163,-19
"2021-11-01 00:00:00",91,-14
"2021-11-02 00:00:00",64,-11
"2021-11-03 00:00:00",75,-3
"2021-11-04 00:00:00",42,
"2021-11-05 00:00:00",50,-2
"2021-11-06 00:00:00",56,-4
"2021-11-07 00:00:00",53,-5
"2021-11-08 00:00:00",58,-3
"2021-11-09 00:00:00",34,-2
"2021-11-10 00:00:00",20,-5
"2021-11-11 00:00:00",45,-4
"2021-11-12 00:00:00",113,-13
"2021-11-13 00:00:00",162,-31
"2021-11-14 00:00:00",216,-36
"2021-11-15 00:00:00",313,-46
"2021-11-16 00:00:00",336,-27
"2021-11-17 00:00:00",302,-27
"2021-11-18 00:00:00",84,-4
"2021-11-19 00:00:00",82,-5
"2021-11-20 00:00:00",91,-9
"2021-11-21 00:00:00",72,-6
"2021-11-22 00:00:00",91,-5
"2021-11-23 00:00:00",61,-5
"2021-11-24 00:00:00",42,-5
"2021-11-25 00:00:00",206,
"2021-11-26 00:00:00",503,-17
"2021-11-27 00:00:00",226,-8
"2021-11-28 00:00:00",185,-8
"2021-11-29 00:00:00",147,-7
"2021-11-30 00:00:00",143,-3
"2021-12-01 00:00:00",134,-3
"2021-12-02 00:00:00",75,-4
"2021-12-03 00:00:00",55,-4
"2021-12-04 00:00:00",69,-5
"2021-12-05 00:00:00",144,-14
"2021-12-06 00:00:00",61,-4
"2021-12-07 00:00:00",70,-5
"2021-12-08 00:00:00",72,-1
"2021-12-09 00:00:00",58,-5
"2021-12-10 00:00:00",53,-4
"2021-12-11 00:00:00",65,-5
"2021-12-12 00:00:00",150,-10
"2021-12-13 00:00:00",46,-5
"2021-12-14 00:00:00",37,-1
"2021-12-15 00:00:00",52,-3
"2021-12-16 00:00:00",74,-4
"2021-12-17 00:00:00",56,
"2021-12-18 00:00:00",63,
"2021-12-19 00:00:00",53,-7
"2021-12-20 00:00:00",46,-4
"2021-12-21 00:00:00",75,-3
"2021-12-22 00:00:00",41,-3
"2021-12-23 00:00:00",41,-4
"2021-12-24 00:00:00",43,-4
"2021-12-25 00:00:00",51,-4
"2021-12-26 00:00:00",44,-11
"2021-12-27 00:00:00",44,-11
"2021-12-28 00:00:00",88,-4
"2021-12-29 00:00:00",55,
"2021-12-30 00:00:00",66,-6
"2021-12-31 00:00:00",79,-5
"2022-01-01 00:00:00",,
"2022-01-02 00:00:00",80,-6
"2022-01-03 00:00:00",82,-6
"2022-01-04 00:00:00",56,-6
"2022-01-05 00:00:00",91,-7
"2022-01-06 00:00:00",48,-2
"2022-01-07 00:00:00",36,-5
"2022-01-08 00:00:00",36,-4
"2022-01-09 00:00:00",39,-5
"2022-01-10 00:00:00",37,
"2022-01-11 00:00:00",37,
"2022-01-12 00:00:00",22,-2
"2022-01-13 00:00:00",27,-1
"2022-01-14 00:00:00",34,-4
"2022-01-15 00:00:00",59,-8
"2022-01-16 00:00:00",41,-2
"2022-01-17 00:00:00",36,-4
"2022-01-18 00:00:00",25,-1
"2022-01-19 00:00:00",28,-1
"2022-01-20 00:00:00",24,-2
"2022-01-21 00:00:00",35,-1
"2022-01-22 00:00:00",17,-2
"2022-01-23 00:00:00",20,-3
"2022-01-24 00:00:00",38,-2
"2022-01-25 00:00:00",41,
"2022-01-26 00:00:00",32,
"2022-01-27 00:00:00",34,
"2022-01-28 00:00:00",39,-3
"2022-01-29 00:00:00",53,-2
"2022-01-30 00:00:00",51,-3
"2022-01-31 00:00:00",68,-9
"2022-02-01 00:00:00",39,-2
"2022-02-02 00:00:00",46,-2
"2022-02-03 00:00:00",50,-2
"2022-02-04 00:00:00",47,-4
"2022-02-05 00:00:00",56,
"2022-02-06 00:00:00",46,-4
"2022-02-07 00:00:00",39,-2
"2022-02-08 00:00:00",40,-5
"2022-02-09 00:00:00",53,-3
"2022-02-10 00:00:00",35,-6
"2022-02-11 00:00:00",43,-1
"2022-02-12 00:00:00",104,-8
"2022-02-13 00:00:00",50,-4
"2022-02-14 00:00:00",40,-5
"2022-02-15 00:00:00",35,-5
"2022-02-16 00:00:00",36,-2
"2022-02-17 00:00:00",35,-1
"2022-02-18 00:00:00",33,-4
"2022-02-19 00:00:00",37,-3
"2022-02-20 00:00:00",42,
"2022-02-21 00:00:00",28,-6
"2022-02-22 00:00:00",24,-3
"2022-02-23 00:00:00",24,-2
"2022-02-24 00:00:00",43,
"2022-02-25 00:00:00",27,-15
"2022-02-26 00:00:00",37,-4
"2022-02-27 00:00:00",30,-3
"2022-02-28 00:00:00",22,
"2022-03-01 00:00:00",16,-2
"2022-03-02 00:00:00",20,-4
"2022-03-03 00:00:00",13,-2
"2022-03-04 00:00:00",12,
"2022-03-05 00:00:00",17,-5
"2022-03-06 00:00:00",26,-5
"2022-03-07 00:00:00",47,-9
"2022-03-08 00:00:00",15,
"2022-03-09 00:00:00",12,
"2022-03-10 00:00:00",9,-2
"2022-03-11 00:00:00",25,-3
"2022-03-12 00:00:00",18,-1
"2022-03-13 00:00:00",26,-3
"2022-03-14 00:00:00",19,-3
"2022-03-15 00:00:00",17,
"2022-03-16 00:00:00",18,
"2022-03-17 00:00:00",12,-3
"2022-03-18 00:00:00",24,
"2022-03-19 00:00:00",12,-4
"2022-03-20 00:00:00",23,-4
"2022-03-21 00:00:00",23,
"2022-03-22 00:00:00",22,
"2022-03-23 00:00:00",21,
"2022-03-24 00:00:00",12,-1
"2022-03-25 00:00:00",12,-2
"2022-03-26 00:00:00",38,
"2022-03-27 00:00:00",17,
"2022-03-28 00:00:00",13,-2
"2022-03-29 00:00:00",11,-3
"2022-03-30 00:00:00",13,
"2022-03-31 00:00:00",13,-1
"2022-04-01 00:00:00",20,-1
"2022-04-02 00:00:00",24,
"2022-04-03 00:00:00",28,
"2022-04-04 00:00:00",17,-1
"2022-04-05 00:00:00",18,-2
"2022-04-06 00:00:00",20,-1
"2022-04-07 00:00:00",21,
"2022-04-08 00:00:00",13,-1
"2022-04-09 00:00:00",43,-6
"2022-04-10 00:00:00",29,-2
"2022-04-11 00:00:00",26,-1
"2022-04-12 00:00:00",16,-1
"2022-04-13 00:00:00",15,-2
"2022-04-14 00:00:00",20,
"2022-04-15 00:00:00",17,-2
"2022-04-16 00:00:00",18,-1
"2022-04-17 00:00:00",21,
"2022-04-18 00:00:00",25,-1
"2022-04-19 00:00:00",36,-2
"2022-04-20 00:00:00",12,
"2022-04-21 00:00:00",29,-2
"2022-04-22 00:00:00",67,-6
"2022-04-23 00:00:00",120,-19
"2022-04-24 00:00:00",96,-18
"2022-04-25 00:00:00",57,-13
"2022-04-26 00:00:00",71,-5
"2022-04-27 00:00:00",70,-1
"2022-04-28 00:00:00",86,-9
"2022-04-29 00:00:00",80,
"2022-04-30 00:00:00",78,-3
"2022-05-01 00:00:00",81,-2
"2022-05-02 00:00:00",71,-8
"2022-05-03 00:00:00",66,-11
"2022-05-04 00:00:00",130,-14
"2022-05-05 00:00:00",59,-3
"2022-05-06 00:00:00",31,-5
"2022-05-07 00:00:00",69,-3
"2022-05-08 00:00:00",60,-5
"2022-05-09 00:00:00",47,-6
"2022-05-10 00:00:00",46,
"2022-05-11 00:00:00",37,
"2022-05-12 00:00:00",35,-6
"2022-05-13 00:00:00",23,-5
"2022-05-14 00:00:00",45,-4
"2022-05-15 00:00:00",35,-7
"2022-05-16 00:00:00",33,-5
"2022-05-17 00:00:00",20,-4
"2022-05-18 00:00:00",29,-9
"2022-05-19 00:00:00",34,-3
"2022-05-20 00:00:00",27,-4
"2022-05-21 00:00:00",37,-5
"2022-05-22 00:00:00",28,-4
"2022-05-23 00:00:00",27,-1
"2022-05-24 00:00:00",24,-1
"2022-05-25 00:00:00",26,-1
"2022-05-26 00:00:00",16,-3
"2022-05-27 00:00:00",20,-3
"2022-05-28 00:00:00",23,-6
"2022-05-29 00:00:00",27,-4
"2022-05-30 00:00:00",23,-1
"2022-05-31 00:00:00",26,-1
"2022-06-01 00:00:00",31,-2
"2022-06-02 00:00:00",18,-3
"2022-06-03 00:00:00",17,-2
"2022-06-04 00:00:00",38,-2
"2022-06-05 00:00:00",35,
"2022-06-06 00:00:00",52,-5
"2022-06-07 00:00:00",41,-7
"2022-06-08 00:00:00",35,-7
"2022-06-09 00:00:00",36,-6
"2022-06-10 00:00:00",46,-5
"2022-06-11 00:00:00",29,-10
"2022-06-12 00:00:00",91,-2
"2022-06-13 00:00:00",32,-5
"2022-06-14 00:00:00",44,-2
"2022-06-15 00:00:00",60,-2
"2022-06-16 00:00:00",71,-7
"2022-06-17 00:00:00",66,-6
"2022-06-18 00:00:00",49,-8
"2022-06-19 00:00:00",31,-7
"2022-06-20 00:00:00",41,
"2022-06-21 00:00:00",35,-6
"2022-06-22 00:00:00",33,-7
"2022-06-23 00:00:00",24,-6
"2022-06-24 00:00:00",32,-2
"2022-06-25 00:00:00",37,-12
"2022-06-26 00:00:00",49,-3
"2022-06-27 00:00:00",31,-11
"2022-06-28 00:00:00",35,-4
"2022-06-29 00:00:00",44,
"2022-06-30 00:00:00",44,-4
"2022-07-01 00:00:00",26,
"2022-07-02 00:00:00",35,-3
"2022-07-03 00:00:00",44,-1
"2022-07-04 00:00:00",26,
"2022-07-05 00:00:00",39,-5
"2022-07-06 00:00:00",48,-5
"2022-07-07 00:00:00",,
"2022-07-08 00:00:00",73,-11
"2022-07-09 00:00:00",34,-4
"2022-07-10 00:00:00",37,-5
"2022-07-11 00:00:00",42,-5
"2022-07-12 00:00:00",33,-6
"2022-07-13 00:00:00",37,-3
"2022-07-14 00:00:00",16,-4
"2022-07-15 00:00:00",34,-4
"2022-07-16 00:00:00",23,-4
"2022-07-17 00:00:00",22,
"2022-07-18 00:00:00",28,-5
"2022-07-19 00:00:00",33,
"2022-07-20 00:00:00",28,-1
"2022-07-21 00:00:00",30,-2
"2022-07-22 00:00:00",28,
"2022-07-23 00:00:00",30,
"2022-07-24 00:00:00",31,
"2022-07-25 00:00:00",22,-4
"2022-07-26 00:00:00",37,-1
"2022-07-27 00:00:00",30,-3
"2022-07-28 00:00:00",24,-1
"2022-07-29 00:00:00",25,-2
"2022-07-30 00:00:00",36,-5
"2022-07-31 00:00:00",27,-1
"2022-08-01 00:00:00",34,-1
"2022-08-02 00:00:00",24,
"2022-08-03 00:00:00",38,-5
"2022-08-04 00:00:00",43,-1
"2022-08-05 00:00:00",37,-3
"2022-08-06 00:00:00",52,-1
"2022-08-07 00:00:00",38,-2
"2022-08-08 00:00:00",34,-6
"2022-08-09 00:00:00",49,-2
"2022-08-10 00:00:00",55,-2
"2022-08-11 00:00:00",44,-4
"2022-08-12 00:00:00",43,-3
"2022-08-13 00:00:00",40,
"2022-08-14 00:00:00",42,-3
"2022-08-15 00:00:00",51,-2
"2022-08-16 00:00:00",38,-2
"2022-08-17 00:00:00",23,-3
"2022-08-18 00:00:00",27,
"2022-08-19 00:00:00",25,-2
"2022-08-20 00:00:00",44,
"2022-08-21 00:00:00",26,-6
"2022-08-22 00:00:00",26,-2
"2022-08-23 00:00:00",30,-3
"2022-08-24 00:00:00",27,
"2022-08-25 00:00:00",27,-1
"2022-08-26 00:00:00",25,-2
"2022-08-27 00:00:00",23,-3
"2022-08-28 00:00:00",20,-3
"2022-08-29 00:00:00",23,
"2022-08-30 00:00:00",37,-5
"2022-08-31 00:00:00",23,-3
"2022-09-01 00:00:00",20,-2
"2022-09-02 00:00:00",23,
"2022-09-03 00:00:00",21,-1
"2022-09-04 00:00:00",38,-3
"2022-09-05 00:00:00",33,-2
"2022-09-06 00:00:00",26,-5
"2022-09-07 00:00:00",26,-3
"2022-09-08 00:00:00",44,-1
"2022-09-09 00:00:00",47,-3
"2022-09-10 00:00:00",42,-2
"2022-09-11 00:00:00",40,-3
"2022-09-12 00:00:00",23,-4
"2022-09-13 00:00:00",23,-1
"2022-09-14 00:00:00",20,-6
"2022-09-15 00:00:00",,
"2022-09-16 00:00:00",18,-3
"2022-09-17 00:00:00",24,-3
"2022-09-18 00:00:00",36,-3
"2022-09-19 00:00:00",32,-2
"2022-09-20 00:00:00",23,-4
"2022-09-21 00:00:00",25,-1
"2022-09-22 00:00:00",21,
"2022-09-23 00:00:00",16,-1
"2022-09-24 00:00:00",28,-3
"2022-09-25 00:00:00",35,-4
"2022-09-26 00:00:00",18,
"2022-09-27 00:00:00",15,
"2022-09-28 00:00:00",22,-1
"2022-09-29 00:00:00",15,-2
"2022-09-30 00:00:00",15,
"2022-10-01 00:00:00",28,-2
"2022-10-02 00:00:00",34,-1
"2022-10-03 00:00:00",25,-3
"2022-10-04 00:00:00",18,-1
"2022-10-05 00:00:00",16,
"2022-10-06 00:00:00",38,-2
"2022-10-07 00:00:00",54,-11
"2022-10-08 00:00:00",101,-18
"2022-10-09 00:00:00",137,-20
"2022-10-10 00:00:00",191,-22
"2022-10-11 00:00:00",121,-8
"2022-10-12 00:00:00",65,
"2022-10-13 00:00:00",,
"2022-10-14 00:00:00",71,-3
"2022-10-15 00:00:00",83,-7
"2022-10-16 00:00:00",81,-2
"2022-10-17 00:00:00",84,-5
"2022-10-18 00:00:00",80,
"2022-10-19 00:00:00",56,-5
"2022-10-20 00:00:00",62,-3
"2022-10-21 00:00:00",60,-8
"2022-10-22 00:00:00",65,-2
"2022-10-23 00:00:00",67,
"2022-10-24 00:00:00",57,-2
"2022-10-25 00:00:00",,
"2022-10-26 00:00:00",43,
"2022-10-27 00:00:00",36,
"2022-10-28 00:00:00",37,
"2022-10-29 00:00:00",20,-5
"2022-10-30 00:00:00",38,-1
"2022-10-31 00:00:00",36,-4
"2022-11-01 00:00:00",25,-1
"2022-11-02 00:00:00",25,-1
"2022-11-03 00:00:00",30,-5
"2022-11-04 00:00:00",25,
"2022-11-05 00:00:00",17,-5
"2022-11-06 00:00:00",,
"2022-11-07 00:00:00",,
"2022-11-08 00:00:00",62,
"2022-11-09 00:00:00",27,-2
"2022-11-10 00:00:00",20,-3
"2022-11-11 00:00:00",26,-1
"2022-11-12 00:00:00",24,-1
"2022-11-13 00:00:00",31,
"2022-11-14 00:00:00",36,
"2022-11-15 00:00:00",25,
"2022-11-16 00:00:00",20,-2
"2022-11-17 00:00:00",30,
"2022-11-18 00:00:00",18,-2
"2022-11-19 00:00:00",21,
"2022-11-20 00:00:00",31,
"2022-11-21 00:00:00",,
"2022-11-22 00:00:00",25,
"2022-11-23 00:00:00",,
"2022-11-24 00:00:00",357,
"2022-11-25 00:00:00",144,-4
"2022-11-26 00:00:00",173,
"2022-11-27 00:00:00",181,-3
"2022-11-28 00:00:00",154,-1
"2022-11-29 00:00:00",115,-4
"2022-11-30 00:00:00",83,
"2022-12-01 00:00:00",38,-5
"2022-12-02 00:00:00",43,-1
"2022-12-03 00:00:00",58,-3
"2022-12-04 00:00:00",83,-3
"2022-12-05 00:00:00",58,-5
"2022-12-06 00:00:00",62,-2
"2022-12-07 00:00:00",47,-1
"2022-12-08 00:00:00",42,-1
"2022-12-09 00:00:00",56,-2
"2022-12-10 00:00:00",73,-4
"2022-12-11 00:00:00",,
"2022-12-12 00:00:00",68,
"2022-12-13 00:00:00",67,
"2022-12-14 00:00:00",51,-4
"2022-12-15 00:00:00",62,-2
"2022-12-16 00:00:00",53,
"2022-12-17 00:00:00",49,-6
"2022-12-18 00:00:00",77,-4
"2022-12-19 00:00:00",44,-3
"2022-12-20 00:00:00",,
"2022-12-21 00:00:00",40,
"2022-12-22 00:00:00",37,
"2022-12-23 00:00:00",43,-5
"2022-12-24 00:00:00",52,-7
"2022-12-25 00:00:00",70,-2
"2022-12-26 00:00:00",65,
"2022-12-27 00:00:00",83,-9
"2022-12-28 00:00:00",,
"2022-12-29 00:00:00",75,-4
"2022-12-30 00:00:00",75,-5
"2022-12-31 00:00:00",78,-6
"2023-01-01 00:00:00",,
"2023-01-02 00:00:00",150,-10
"2023-01-03 00:00:00",70,-5
"2023-01-04 00:00:00",69,-3
"2023-01-05 00:00:00",,
"2023-01-06 00:00:00",71,
"2023-01-07 00:00:00",69,-5
"2023-01-08 00:00:00",61,
"2023-01-09 00:00:00",54,
"2023-01-10 00:00:00",36,-3
"2023-01-11 00:00:00",40,
"2023-01-12 00:00:00",31,-1
"2023-01-13 00:00:00",43,-1
"2023-01-14 00:00:00",40,-6
"2023-01-15 00:00:00",,
"2023-01-16 00:00:00",46,-1
"2023-01-17 00:00:00",32,-2
"2023-01-18 00:00:00",30,-3
"2023-01-19 00:00:00",34,-1
"2023-01-20 00:00:00",29,-1
"2023-01-21 00:00:00",31,-5
"2023-01-22 00:00:00",30,-1
"2023-01-23 00:00:00",38,-5
"2023-01-24 00:00:00",36,-2
"2023-01-25 00:00:00",,
"2023-01-26 00:00:00",54,
"2023-01-27 00:00:00",,
"2023-01-28 00:00:00",63,-1
"2023-01-29 00:00:00",78,-5
"2023-01-30 00:00:00",81,-5
"2023-01-31 00:00:00",86,-5
"2023-02-01 00:00:00",102,-7
"2023-02-02 00:00:00",82,-14
"2023-02-03 00:00:00",95,-8
"2023-02-04 00:00:00",,
"2023-02-05 00:00:00",106,-8
"2023-02-06 00:00:00",133,-15
"2023-02-07 00:00:00",100,-9
"2023-02-08 00:00:00",89,-10
"2023-02-09 00:00:00",87,-2
"2023-02-10 00:00:00",75,-9
"2023-02-11 00:00:00",141,-17
"2023-02-12 00:00:00",,
"2023-02-13 00:00:00",,
"2023-02-14 00:00:00",161,-20
"2023-02-15 00:00:00",46,-9
"2023-02-16 00:00:00",68,-6
"2023-02-17 00:00:00",59,-5
"2023-02-18 00:00:00",72,-5
"2023-02-19 00:00:00",,
"2023-02-20 00:00:00",78,-8
"2023-02-21 00:00:00",41,-5
"2023-02-22 00:00:00",49,-6
"2023-02-23 00:00:00",,
"2023-02-24 00:00:00",45,-1
"2023-02-25 00:00:00",40,-6
"2023-02-26 00:00:00",53,-2
"2023-02-27 00:00:00",27,-7
"2023-02-28 00:00:00",55,-1
"2023-03-01 00:00:00",60,
"2023-03-02 00:00:00",23,-5
"2023-03-03 00:00:00",,
"2023-03-04 00:00:00",39,-3
"2023-03-05 00:00:00",48,-2
"2023-03-06 00:00:00",35,-1
"2023-03-07 00:00:00",43,
"2023-03-08 00:00:00",29,-1
"2023-03-09 00:00:00",38,-1
"2023-03-10 00:00:00",33,-4
"2023-03-11 00:00:00",48,-6
"2023-03-12 00:00:00",,
"2023-03-13 00:00:00",,
"2023-03-14 00:00:00",709,-59
"2023-03-15 00:00:00",,
"2023-03-16 00:00:00",140,-37
"2023-03-17 00:00:00",124,-41
"2023-03-18 00:00:00",135,-2
"2023-03-19 00:00:00",146,-26
"2023-03-20 00:00:00",130,-17
"2023-03-21 00:00:00",93,-13
"2023-03-22 00:00:00",,
"2023-03-23 00:00:00",73,-6
"2023-03-24 00:00:00",63,
"2023-03-25 00:00:00",74,-10
"2023-03-26 00:00:00",89,-16
"2023-03-27 00:00:00",71,-5
"2023-03-28 00:00:00",,
"2023-03-29 00:00:00",54,-13
"2023-03-30 00:00:00",45,-11
"2023-03-31 00:00:00",44,-8
"2023-04-01 00:00:00",58,-7
"2023-04-02 00:00:00",74,-10
"2023-04-03 00:00:00",,
"2023-04-04 00:00:00",45,-8
"2023-04-05 00:00:00",52,
"2023-04-06 00:00:00",45,-2
"2023-04-07 00:00:00",52,-6
"2023-04-08 00:00:00",43,-6
"2023-04-09 00:00:00",,
"2023-04-10 00:00:00",53,-2
"2023-04-11 00:00:00",59,-2
"2023-04-12 00:00:00",37,-7
"2023-04-13 00:00:00",49,-4
"2023-04-14 00:00:00",41,
"2023-04-15 00:00:00",,
"2023-04-16 00:00:00",50,-6
"2023-04-17 00:00:00",47,-4
"2023-04-18 00:00:00",33,-3
"2023-04-19 00:00:00",31,-6
"2023-04-20 00:00:00",37,
"2023-04-21 00:00:00",31,-3
"2023-04-22 00:00:00",,
"2023-04-23 00:00:00",29,-10
"2023-04-24 00:00:00",36,-7
"2023-04-25 00:00:00",45,-3
"2023-04-26 00:00:00",34,-2
"2023-04-27 00:00:00",23,
"2023-04-28 00:00:00",32,
"2023-04-29 00:00:00",,
"2023-04-30 00:00:00",46,-5
"2023-05-01 00:00:00",45,-5
"2023-05-02 00:00:00",39,-6
"2023-05-03 00:00:00",35,-1
"2023-05-04 00:00:00",34,-3
"2023-05-05 00:00:00",,
"2023-05-06 00:00:00",38,-1
"2023-05-07 00:00:00",46,-4
"2023-05-08 00:00:00",50,-3
"2023-05-09 00:00:00",29,
"2023-05-10 00:00:00",27,-6
"2023-05-11 00:00:00",30,
"2023-05-12 00:00:00",,
"2023-05-13 00:00:00",37,-4
"2023-05-14 00:00:00",36,-6
"2023-05-15 00:00:00",31,-1
"2023-05-16 00:00:00",31,-2
"2023-05-17 00:00:00",32,-3
"2023-05-18 00:00:00",,
"2023-05-19 00:00:00",27,-1
"2023-05-20 00:00:00",31,
"2023-05-21 00:00:00",40,
"2023-05-22 00:00:00",38,-3
"2023-05-23 00:00:00",22,-1
"2023-05-24 00:00:00",,
"2023-05-25 00:00:00",30,-4
"2023-05-26 00:00:00",35,
"2023-05-27 00:00:00",31,
"2023-05-28 00:00:00",43,
"2023-05-29 00:00:00",48,-1
"2023-05-30 00:00:00",,
"2023-05-31 00:00:00",32,-3
"2023-06-01 00:00:00",34,-3
"2023-06-02 00:00:00",34,-2
"2023-06-03 00:00:00",36,-6
"2023-06-04 00:00:00",59,-2
"2023-06-05 00:00:00",,
"2023-06-06 00:00:00",36,-1
"2023-06-07 00:00:00",33,-1
"2023-06-08 00:00:00",45,-1
"2023-06-09 00:00:00",47,-2
"2023-06-10 00:00:00",50,-5
"2023-06-11 00:00:00",,
"2023-06-12 00:00:00",42,-1
"2023-06-13 00:00:00",36,-2
"2023-06-14 00:00:00",35,-2
"2023-06-15 00:00:00",47,-3
"2023-06-16 00:00:00",,
"2023-06-17 00:00:00",33,
"2023-06-18 00:00:00",38,
"2023-06-19 00:00:00",31,-2
"2023-06-20 00:00:00",19,-3
"2023-06-21 00:00:00",31,-4
"2023-06-22 00:00:00",,
"2023-06-23 00:00:00",,
"2023-06-24 00:00:00",166,-4
"2023-06-25 00:00:00",44,-4
"2023-06-26 00:00:00",67,-7
"2023-06-27 00:00:00",,
"2023-06-28 00:00:00",47,-4
"2023-06-29 00:00:00",49,-1
"2023-06-30 00:00:00",48,-2
"2023-07-01 00:00:00",,
"2023-07-02 00:00:00",58,-11
"2023-07-03 00:00:00",68,-6
"2023-07-04 00:00:00",54,-3
"2023-07-05 00:00:00",,
"2023-07-06 00:00:00",48,-4
"2023-07-07 00:00:00",49,-3
"2023-07-08 00:00:00",41,-4
"2023-07-09 00:00:00",63,-4
"2023-07-10 00:00:00",,
"2023-07-11 00:00:00",43,-6
"2023-07-12 00:00:00",46,-3
"2023-07-13 00:00:00",,
"2023-07-14 00:00:00",49,-10
"2023-07-15 00:00:00",58,-7
"2023-07-16 00:00:00",64,-9
"2023-07-17 00:00:00",,
"2023-07-18 00:00:00",76,-3
"2023-07-19 00:00:00",61,-10
"2023-07-20 00:00:00",,
"2023-07-21 00:00:00",,
"2023-07-22 00:00:00",,
"2023-07-23 00:00:00",178,-12
"2023-07-24 00:00:00",62,-3
"2023-07-25 00:00:00",55,-8
"2023-07-26 00:00:00",,
"2023-07-27 00:00:00",49,-6
"2023-07-28 00:00:00",44,-2
"2023-07-29 00:00:00",,
"2023-07-30 00:00:00",,
"2023-07-31 00:00:00",107,-4
"2023-08-01 00:00:00",45,-2
"2023-08-02 00:00:00",40,-5
"2023-08-03 00:00:00",42,
"2023-08-04 00:00:00",,
"2023-08-05 00:00:00",46,-5
"2023-08-06 00:00:00",35,
"2023-08-07 00:00:00",40,-3
"2023-08-08 00:00:00",,
"2023-08-09 00:00:00",36,-3
"2023-08-10 00:00:00",43,-2
"2023-08-11 00:00:00",30,-7
"2023-08-12 00:00:00",,
"2023-08-13 00:00:00",39,-1
"2023-08-14 00:00:00",31,-7
"2023-08-15 00:00:00",,
"2023-08-16 00:00:00",,
"2023-08-17 00:00:00",70,
"2023-08-18 00:00:00",24,-2
"2023-08-19 00:00:00",31,-3
"2023-08-20 00:00:00",,
"2023-08-21 00:00:00",,
"2023-08-22 00:00:00",41,-3
"2023-08-23 00:00:00",19,-1
"2023-08-24 00:00:00",36,-1
"2023-08-25 00:00:00",,
"2023-08-26 00:00:00",22,-5
"2023-08-27 00:00:00",27,
"2023-08-28 00:00:00",,
"2023-08-29 00:00:00",35,-5
"2023-08-30 00:00:00",19,-4
"2023-08-31 00:00:00",,
"2023-09-01 00:00:00",,
"2023-09-02 00:00:00",64,-7
"2023-09-03 00:00:00",27,-5
"2023-09-04 00:00:00",45,-1
"2023-09-05 00:00:00",30,-4
"2023-09-06 00:00:00",,
"2023-09-07 00:00:00",28,-2
"2023-09-08 00:00:00",21,
"2023-09-09 00:00:00",32,
"2023-09-10 00:00:00",,
"2023-09-11 00:00:00",31,-3
"2023-09-12 00:00:00",25,-4
"2023-09-13 00:00:00",20,
"2023-09-14 00:00:00",,
"2023-09-15 00:00:00",11,-1
"2023-09-16 00:00:00",36,-3
"2023-09-17 00:00:00",,
"2023-09-18 00:00:00",,
"2023-09-19 00:00:00",57,-5
"2023-09-20 00:00:00",17,-6
"2023-09-21 00:00:00",22,
"2023-09-22 00:00:00",,
"2023-09-23 00:00:00",34,
"2023-09-24 00:00:00",26,-4
"2023-09-25 00:00:00",21,
"2023-09-26 00:00:00",,
"2023-09-27 00:00:00",29,-1
"2023-09-28 00:00:00",19,
"2023-09-29 00:00:00",,
"2023-09-30 00:00:00",,
"2023-10-01 00:00:00",57,-6
"2023-10-02 00:00:00",25,-4
"2023-10-03 00:00:00",24,
"2023-10-04 00:00:00",,
"2023-10-05 00:00:00",23,-1
"2023-10-06 00:00:00",19,-3
"2023-10-07 00:00:00",23,-5
"2023-10-08 00:00:00",,
"2023-10-09 00:00:00",34,-2
"2023-10-10 00:00:00",20,
"2023-10-11 00:00:00",23,-2
"2023-10-12 00:00:00",,
"2023-10-13 00:00:00",12,-1
"2023-10-14 00:00:00",29,-4
"2023-10-15 00:00:00",53,-3
"2023-10-16 00:00:00",,
"2023-10-17 00:00:00",18,
"2023-10-18 00:00:00",26,-1
"2023-10-19 00:00:00",,
"2023-10-20 00:00:00",,
"2023-10-21 00:00:00",107,-12
"2023-10-22 00:00:00",,
"2023-10-23 00:00:00",,
"2023-10-24 00:00:00",106,-1
"2023-10-25 00:00:00",44,-3
"2023-10-26 00:00:00",34,-4
"2023-10-27 00:00:00",33,
"2023-10-28 00:00:00",,
"2023-10-29 00:00:00",39,-7
"2023-10-30 00:00:00",27,-4
"2023-10-31 00:00:00",48,-2
"2023-11-01 00:00:00",,
"2023-11-02 00:00:00",34,
"2023-11-03 00:00:00",34,-1
"2023-11-04 00:00:00",43,-2
"2023-11-05 00:00:00",,
"2023-11-06 00:00:00",40,-3
"2023-11-07 00:00:00",29,-1
"2023-11-08 00:00:00",,
"2023-11-09 00:00:00",25,-2
"2023-11-10 00:00:00",32,
"2023-11-11 00:00:00",25,
"2023-11-12 00:00:00",,
"2023-11-13 00:00:00",53,-1
"2023-11-14 00:00:00",20,-2
"2023-11-15 00:00:00",,
"2023-11-16 00:00:00",21,-3
"2023-11-17 00:00:00",24,-3
"2023-11-18 00:00:00",,
"2023-11-19 00:00:00",33,-4
"2023-11-20 00:00:00",22,-2
"2023-11-21 00:00:00",,
"2023-11-22 00:00:00",2176,-14
"2023-11-23 00:00:00",,
"2023-11-24 00:00:00",2391,-23
"2023-11-25 00:00:00",1143,-7
"2023-11-26 00:00:00",,
"2023-11-27 00:00:00",937,-12
"2023-11-28 00:00:00",585,-10
"2023-11-29 00:00:00",,
"2023-11-30 00:00:00",158,
"2023-12-01 00:00:00",27,-2
"2023-12-02 00:00:00",34,-6
"2023-12-03 00:00:00",,
"2023-12-04 00:00:00",36,
"2023-12-05 00:00:00",31,
"2023-12-06 00:00:00",,
"2023-12-07 00:00:00",32,
"2023-12-08 00:00:00",37,-3
"2023-12-09 00:00:00",,
"2023-12-10 00:00:00",39,-5
"2023-12-11 00:00:00",,
"2023-12-12 00:00:00",61,-1
"2023-12-13 00:00:00",28,-4
"2023-12-14 00:00:00",,
"2023-12-15 00:00:00",33,-3
"2023-12-16 00:00:00",29,-6
"2023-12-17 00:00:00",41,-3
"2023-12-18 00:00:00",,
"2023-12-19 00:00:00",51,-2
"2023-12-20 00:00:00",36,-1
"2023-12-21 00:00:00",,
"2023-12-22 00:00:00",39,
"2023-12-23 00:00:00",,
"2023-12-24 00:00:00",44,
"2023-12-25 00:00:00",31,-2
"2023-12-26 00:00:00",,
"2023-12-27 00:00:00",41,
"2023-12-28 00:00:00",35,-1
"2023-12-29 00:00:00",,
"2023-12-30 00:00:00",36,-1
"2023-12-31 00:00:00",33,-9
"2024-01-01 00:00:00",,
"2024-01-02 00:00:00",44,-2
"2024-01-03 00:00:00",,
"2024-01-04 00:00:00",53,
"2024-01-05 00:00:00",35,-5
"2024-01-06 00:00:00",31,-2
"2024-01-07 00:00:00",,
"2024-01-08 00:00:00",38,-4
"2024-01-09 00:00:00",28,-5
"2024-01-10 00:00:00",,
"2024-01-11 00:00:00",21,-2
"2024-01-12 00:00:00",21,-8
"2024-01-13 00:00:00",,
"2024-01-14 00:00:00",42,-7
"2024-01-15 00:00:00",30,-2
"2024-01-16 00:00:00",,
"2024-01-17 00:00:00",29,-5
"2024-01-18 00:00:00",,
"2024-01-19 00:00:00",38,-6
"2024-01-20 00:00:00",54,-2
"2024-01-21 00:00:00",,
"2024-01-22 00:00:00",53,-3
"2024-01-23 00:00:00",47,-6
"2024-01-24 00:00:00",,
"2024-01-25 00:00:00",50,
"2024-01-26 00:00:00",50,-2
"2024-01-27 00:00:00",,
"2024-01-28 00:00:00",54,
"2024-01-29 00:00:00",,
"2024-01-30 00:00:00",29,-3
"2024-01-31 00:00:00",35,-2
"2024-02-01 00:00:00",,
"2024-02-02 00:00:00",40,-4
"2024-02-03 00:00:00",30,-3
"2024-02-04 00:00:00",,
"2024-02-05 00:00:00",35,-3
"2024-02-06 00:00:00",23,-1
"2024-02-07 00:00:00",,
"2024-02-08 00:00:00",38,-4
"2024-02-09 00:00:00",,
"2024-02-10 00:00:00",35,-1
"2024-02-11 00:00:00",35,
"2024-02-12 00:00:00",,
"2024-02-13 00:00:00",43,-4
"2024-02-14 00:00:00",,
"2024-02-15 00:00:00",32,
"2024-02-16 00:00:00",,
"2024-02-17 00:00:00",33,-1
"2024-02-18 00:00:00",26,-3
"2024-02-19 00:00:00",,
"2024-02-20 00:00:00",33,
"2024-02-21 00:00:00",,
"2024-02-22 00:00:00",,
"2024-02-23 00:00:00",65,-2
"2024-02-24 00:00:00",30,-3
"2024-02-25 00:00:00",,
"2024-02-26 00:00:00",34,-5
"2024-02-27 00:00:00",,
"2024-02-28 00:00:00",17,
"2024-02-29 00:00:00",29,
"2024-03-01 00:00:00",,
"2024-03-02 00:00:00",30,
"2024-03-03 00:00:00",,
"2024-03-04 00:00:00",27,-1
"2024-03-05 00:00:00",,
"2024-03-06 00:00:00",19,
"2024-03-07 00:00:00",,
"2024-03-08 00:00:00",37,
"2024-03-09 00:00:00",,
"2024-03-10 00:00:00",41,-6
"2024-03-11 00:00:00",,
"2024-03-12 00:00:00",44,-2
"2024-03-13 00:00:00",,
"2024-03-14 00:00:00",28,
"2024-03-15 00:00:00",25,-1
"2024-03-16 00:00:00",,
"2024-03-17 00:00:00",29,-6
"2024-03-18 00:00:00",37,-1
"2024-03-19 00:00:00",,
"2024-03-20 00:00:00",34,-1
"2024-03-21 00:00:00",,
"2024-03-22 00:00:00",,
"2024-03-23 00:00:00",,
"2024-03-24 00:00:00",,
"2024-03-25 00:00:00",82,-15
"2024-03-26 00:00:00",26,-2
"2024-03-27 00:00:00",,
"2024-03-28 00:00:00",31,-4
"2024-03-29 00:00:00",48,-5
"2024-03-30 00:00:00",,
"2024-03-31 00:00:00",23,-6
"2024-04-01 00:00:00",32,-1
"2024-04-02 00:00:00",,
"2024-04-03 00:00:00",38,-4
"2024-04-04 00:00:00",,
"2024-04-05 00:00:00",31,-2
"2024-04-06 00:00:00",,
"2024-04-07 00:00:00",41,-1
"2024-04-08 00:00:00",13,-2
"2024-04-09 00:00:00",6,-5
"2024-04-10 00:00:00",11,-2
"2024-04-11 00:00:00",7,
"2024-04-12 00:00:00",9,-4
"2024-04-13 00:00:00",13,
"2024-04-14 00:00:00",25,
"2024-04-15 00:00:00",13,-4
"2024-04-16 00:00:00",16,
"2024-04-17 00:00:00",10,
"2024-04-18 00:00:00",9,-1
"2024-04-19 00:00:00",9,-1
"2024-04-20 00:00:00",10,-1
"2024-04-21 00:00:00",11,-1
"2024-04-22 00:00:00",19,
"2024-04-23 00:00:00",7,-1
"2024-04-24 00:00:00",9,-4
"2024-04-25 00:00:00",26,
"2024-04-26 00:00:00",27,-2
"2024-04-27 00:00:00",24,
"2024-04-28 00:00:00",24,-4
"2024-04-29 00:00:00",26,-1
"2024-04-30 00:00:00",31,
"2024-05-01 00:00:00",19,-2
"2024-05-02 00:00:00",26,-4
"2024-05-03 00:00:00",19,-1
"2024-05-04 00:00:00",42,-5
"2024-05-05 00:00:00",60,-8
"2024-05-06 00:00:00",49,-8
"2024-05-07 00:00:00",56,
"2024-05-08 00:00:00",43,-1
"2024-05-09 00:00:00",25,-1
"2024-05-10 00:00:00",40,
"2024-05-11 00:00:00",32,
"2024-05-12 00:00:00",32,-1
"2024-05-13 00:00:00",24,
"2024-05-14 00:00:00",14,
"2024-05-15 00:00:00",9,-2
"2024-05-16 00:00:00",17,-3
"2024-05-17 00:00:00",17,-1
"2024-05-18 00:00:00",22,
"2024-05-19 00:00:00",20,-1
"2024-05-20 00:00:00",13,-2
"2024-05-21 00:00:00",13,-2
"2024-05-22 00:00:00",19,-2
"2024-05-23 00:00:00",14,-5
"2024-05-24 00:00:00",13,-4
"2024-05-25 00:00:00",24,
"2024-05-26 00:00:00",16,-2
"2024-05-27 00:00:00",18,-1
"2024-05-28 00:00:00",20,
"2024-05-29 00:00:00",11,-2
"2024-05-30 00:00:00",13,-2
"2024-05-31 00:00:00",9,-3
"2024-06-01 00:00:00",12,
"2024-06-02 00:00:00",22,
"2024-06-03 00:00:00",16,-2
"2024-06-04 00:00:00",21,-1
"2024-06-05 00:00:00",13,-1
"2024-06-06 00:00:00",15,-1
"2024-06-07 00:00:00",25,
"2024-06-08 00:00:00",14,
"2024-06-09 00:00:00",21,
"2024-06-10 00:00:00",17,-3
"2024-06-11 00:00:00",24,-4
"2024-06-12 00:00:00",28,
"2024-06-13 00:00:00",23,
"2024-06-14 00:00:00",17,
"2024-06-15 00:00:00",35,-1
"2024-06-16 00:00:00",40,
"2024-06-17 00:00:00",37,-1
"2024-06-18 00:00:00",14,-2
"2024-06-19 00:00:00",37,-3
"2024-06-20 00:00:00",25,-1
"2024-06-21 00:00:00",37,-4
"2024-06-22 00:00:00",10,-1
"2024-06-23 00:00:00",18,-2
"2024-06-24 00:00:00",29,-1
"2024-06-25 00:00:00",25,-2
"2024-06-26 00:00:00",12,-2
"2024-06-27 00:00:00",37,
"2024-06-28 00:00:00",26,-1
"2024-06-29 00:00:00",24,
"2024-06-30 00:00:00",37,
"2024-07-01 00:00:00",20,
"2024-07-02 00:00:00",23,
"2024-07-03 00:00:00",30,-1
"2024-07-04 00:00:00",17,-1
"2024-07-05 00:00:00",24,
"2024-07-06 00:00:00",24,-3
"2024-07-07 00:00:00",31,-1
"2024-07-08 00:00:00",28,-2
"2024-07-09 00:00:00",30,-1
"2024-07-10 00:00:00",26,
"2024-07-11 00:00:00",36,-1
"2024-07-12 00:00:00",14,
"2024-07-13 00:00:00",28,-2
"2024-07-14 00:00:00",21,
"2024-07-15 00:00:00",27,-2
"2024-07-16 00:00:00",24,-2
"2024-07-17 00:00:00",13,-3
"2024-07-18 00:00:00",28,-4
"2024-07-19 00:00:00",22,
"2024-07-20 00:00:00",28,-2
"2024-07-21 00:00:00",20,
"2024-07-22 00:00:00",23,-1
"2024-07-23 00:00:00",24,
"2024-07-24 00:00:00",20,-3
"2024-07-25 00:00:00",24,-4
"2024-07-26 00:00:00",20,-1
"2024-07-27 00:00:00",33,
"2024-07-28 00:00:00",29,-3
"2024-07-29 00:00:00",30,-2
"2024-07-30 00:00:00",33,-2
"2024-07-31 00:00:00",23,
"2024-08-01 00:00:00",18,-1
"2024-08-02 00:00:00",36,-3
"2024-08-03 00:00:00",19,-1
"2024-08-04 00:00:00",37,
"2024-08-05 00:00:00",49,
"2024-08-06 00:00:00",23,
"2024-08-07 00:00:00",27,-2
"2024-08-08 00:00:00",27,-4
"2024-08-09 00:00:00",15,
"2024-08-10 00:00:00",18,-5
"2024-08-11 00:00:00",21,
"2024-08-12 00:00:00",23,-2
"2024-08-13 00:00:00",23,-5
"2024-08-14 00:00:00",25,
"2024-08-15 00:00:00",31,-1
"2024-08-16 00:00:00",8,-2
"2024-08-17 00:00:00",22,
"2024-08-18 00:00:00",9,-2
"2024-08-19 00:00:00",28,-3
"2024-08-20 00:00:00",27,-3
"2024-08-21 00:00:00",21,-3
"2024-08-22 00:00:00",12,
"2024-08-23 00:00:00",17,-2
"2024-08-24 00:00:00",13,-2
"2024-08-25 00:00:00",17,
"2024-08-26 00:00:00",19,-1
"2024-08-27 00:00:00",20,-2
"2024-08-28 00:00:00",28,
"2024-08-29 00:00:00",2,-1
"2024-08-30 00:00:00",16,-1
"2024-08-31 00:00:00",20,-2
"2024-09-01 00:00:00",18,
"2024-09-02 00:00:00",19,
"2024-09-03 00:00:00",15,
"2024-09-04 00:00:00",10,
"2024-09-05 00:00:00",8,-2
"2024-09-06 00:00:00",21,-2
"2024-09-07 00:00:00",12,
"2024-09-08 00:00:00",23,
"2024-09-09 00:00:00",28,-2
"2024-09-10 00:00:00",22,
"2024-09-11 00:00:00",43,-3
"2024-09-12 00:00:00",11,
"2024-09-13 00:00:00",27,-3
"2024-09-14 00:00:00",27,-2
"2024-09-15 00:00:00",22,-2
"2024-09-16 00:00:00",24,
"2024-09-17 00:00:00",37,
"2024-09-18 00:00:00",22,
"2024-09-19 00:00:00",16,
"2024-09-20 00:00:00",25,-1
"2024-09-21 00:00:00",40,-1
"2024-09-22 00:00:00",26,-2
"2024-09-23 00:00:00",33,-1
"2024-09-24 00:00:00",21,
"2024-09-25 00:00:00",17,-1
"2024-09-26 00:00:00",14,-2
"2024-09-27 00:00:00",22,
"2024-09-28 00:00:00",29,
"2024-09-29 00:00:00",18,-1
"2024-09-30 00:00:00",22,-1
"2024-10-01 00:00:00",18,
"2024-10-02 00:00:00",8,
"2024-10-03 00:00:00",10,
"2024-10-04 00:00:00",22,-1
"2024-10-05 00:00:00",18,
"2024-10-06 00:00:00",19,-2
"2024-10-07 00:00:00",22,-2
"2024-10-08 00:00:00",20,
"2024-10-09 00:00:00",12,-5
"2024-10-10 00:00:00",22,
"2024-10-11 00:00:00",17,-1
"2024-10-12 00:00:00",13,
"2024-10-13 00:00:00",32,-3
"2024-10-14 00:00:00",25,-1
"2024-10-15 00:00:00",19,
"2024-10-16 00:00:00",12,-2
"2024-10-17 00:00:00",7,
"2024-10-18 00:00:00",16,-1
"2024-10-19 00:00:00",13,-1
"2024-10-20 00:00:00",12,
"2024-10-21 00:00:00",25,-2
"2024-10-22 00:00:00",10,
"2024-10-23 00:00:00",41,-6
"2024-10-24 00:00:00",27,-2
"2024-10-25 00:00:00",27,-1
"2024-10-26 00:00:00",46,-2
"2024-10-27 00:00:00",55,
"2024-10-28 00:00:00",81,-2
"2024-10-29 00:00:00",32,-3
"2024-10-30 00:00:00",27,-5
"2024-10-31 00:00:00",20,-1
"2024-11-01 00:00:00",48,
"2024-11-02 00:00:00",25,-1
"2024-11-03 00:00:00",33,-5
"2024-11-04 00:00:00",66,-3
"2024-11-05 00:00:00",27,-1
"2024-11-06 00:00:00",27,
"2024-11-07 00:00:00",29,
"2024-11-08 00:00:00",19,-3
"2024-11-09 00:00:00",37,-1
"2024-11-10 00:00:00",42,-1
"2024-11-11 00:00:00",24,
"2024-11-12 00:00:00",28,
"2024-11-13 00:00:00",25,-1
"2024-11-14 00:00:00",15,
"2024-11-15 00:00:00",30,-4
"2024-11-16 00:00:00",22,
"2024-11-17 00:00:00",29,-5
"2024-11-18 00:00:00",20,
"2024-11-19 00:00:00",22,-2
"2024-11-20 00:00:00",13,
"2024-11-21 00:00:00",19,
"2024-11-22 00:00:00",17,-5
"2024-11-23 00:00:00",5,
"2024-11-24 00:00:00",28,-1
"2024-11-25 00:00:00",17,
"2024-11-26 00:00:00",21,
"2024-11-27 00:00:00",107,-1
"2024-11-28 00:00:00",182,
"2024-11-29 00:00:00",167,
"2024-11-30 00:00:00",147,-2
"2024-12-01 00:00:00",122,-4
"2024-12-02 00:00:00",66,-1
"2024-12-03 00:00:00",79,-3
"2024-12-04 00:00:00",98,-2
"2024-12-05 00:00:00",19,-2
"2024-12-06 00:00:00",36,
"2024-12-07 00:00:00",34,-2
"2024-12-08 00:00:00",39,
"2024-12-09 00:00:00",29,-2
"2024-12-10 00:00:00",26,-2
"2024-12-11 00:00:00",28,
"2024-12-12 00:00:00",22,
"2024-12-13 00:00:00",25,-1
"2024-12-14 00:00:00",31,-1
"2024-12-15 00:00:00",28,
"2024-12-16 00:00:00",24,-2
"2024-12-17 00:00:00",41,-2
"2024-12-18 00:00:00",13,
"2024-12-19 00:00:00",20,-1
"2024-12-20 00:00:00",9,-2
"2024-12-21 00:00:00",29,-1
"2024-12-22 00:00:00",29,-2
"2024-12-23 00:00:00",29,-2
"2024-12-24 00:00:00",25,
"2024-12-25 00:00:00",33,-1
"2024-12-26 00:00:00",28,
"2024-12-27 00:00:00",34,-2
"2024-12-28 00:00:00",20,-3
"2024-12-29 00:00:00",48,-2
"2024-12-30 00:00:00",71,-2
"2024-12-31 00:00:00",16,-1
"2025-01-01 00:00:00",31,
"2025-01-02 00:00:00",50,-1
"2025-01-03 00:00:00",13,
"2025-01-04 00:00:00",22,
"2025-01-05 00:00:00",26,-3
"2025-01-06 00:00:00",47,-2
"2025-01-07 00:00:00",22,
"2025-01-08 00:00:00",24,-2
"2025-01-09 00:00:00",29,-2
"2025-01-10 00:00:00",22,-1
"2025-01-11 00:00:00",16,
"2025-01-12 00:00:00",19,
"2025-01-13 00:00:00",29,-2
"2025-01-14 00:00:00",20,-1
"2025-01-15 00:00:00",24,-3
"2025-01-16 00:00:00",9,-1
"2025-01-17 00:00:00",18,
"2025-01-18 00:00:00",30,
"2025-01-19 00:00:00",24,
"2025-01-20 00:00:00",16,-7
"2025-01-21 00:00:00",18,-1
"2025-01-22 00:00:00",23,
"2025-01-23 00:00:00",26,
"2025-01-24 00:00:00",29,-1
"2025-01-25 00:00:00",19,
"2025-01-26 00:00:00",24,-3
"2025-01-27 00:00:00",35,-3
"2025-01-28 00:00:00",32,
"2025-01-29 00:00:00",25,-4
"2025-01-30 00:00:00",25,-4
"2025-01-31 00:00:00",36,-2
"2025-02-01 00:00:00",27,
"2025-02-02 00:00:00",35,-1
"2025-02-03 00:00:00",39,-2
"2025-02-04 00:00:00",31,
"2025-02-05 00:00:00",35,-2
"2025-02-06 00:00:00",14,-2
"2025-02-07 00:00:00",18,-4
"2025-02-08 00:00:00",18,-3
"2025-02-09 00:00:00",19,
"2025-02-10 00:00:00",29,-2
"2025-02-11 00:00:00",12,
"2025-02-12 00:00:00",12,-2
"2025-02-13 00:00:00",10,-1
"2025-02-14 00:00:00",20,
"2025-02-15 00:00:00",20,-1
"2025-02-16 00:00:00",14,-1
"2025-02-17 00:00:00",23,
"2025-02-18 00:00:00",23,
"2025-02-19 00:00:00",16,-4
"2025-02-20 00:00:00",11,
"2025-02-21 00:00:00",17,
"2025-02-22 00:00:00",17,-3
"2025-02-23 00:00:00",28,-3
"2025-02-24 00:00:00",10,-1
"2025-02-25 00:00:00",19,
"2025-02-26 00:00:00",19,-3
"2025-02-27 00:00:00",14,-2
"2025-02-28 00:00:00",16,
"2025-03-01 00:00:00",19,
"2025-03-02 00:00:00",24,
"2025-03-03 00:00:00",20,-1
"2025-03-04 00:00:00",30,
"2025-03-05 00:00:00",14,
"2025-03-06 00:00:00",17,-1
"2025-03-07 00:00:00",17,
"2025-03-08 00:00:00",31,-1
"2025-03-09 00:00:00",22,
"2025-03-10 00:00:00",25,-3
"2025-03-11 00:00:00",28,
"2025-03-12 00:00:00",27,
"2025-03-13 00:00:00",27,-3
"2025-03-14 00:00:00",15,
"2025-03-15 00:00:00",31,-1
"2025-03-16 00:00:00",43,
"2025-03-17 00:00:00",42,
"2025-03-18 00:00:00",13,-1
"2025-03-19 00:00:00",14,-1
"2025-03-20 00:00:00",34,-1
"2025-03-21 00:00:00",20,-1
"2025-03-22 00:00:00",28,-1
"2025-03-23 00:00:00",27,-1
"2025-03-24 00:00:00",22,-1
"2025-03-25 00:00:00",21,-1
"2025-03-26 00:00:00",20,
"2025-03-27 00:00:00",27,-1
"2025-03-28 00:00:00",11,
"2025-03-29 00:00:00",17,-2
"2025-03-30 00:00:00",9,-2
"2025-03-31 00:00:00",25,-2
"2025-04-01 00:00:00",31,
"2025-04-02 00:00:00",13,
"2025-04-03 00:00:00",17,
"2025-04-04 00:00:00",24,
"2025-04-05 00:00:00",15,-3
"2025-04-06 00:00:00",30,-2
"2025-04-07 00:00:00",37,-1
"2025-04-08 00:00:00",19,-2
"2025-04-09 00:00:00",15,-3
"2025-04-10 00:00:00",40,-3
"2025-04-11 00:00:00",59,-3
"2025-04-12 00:00:00",59,